{"nodes":{"node:1":{"location":{"x":0,"y":0}}},"selection":null,"view":{"scroll":{"x":-314.2652587890625,"y":-238.113128662109375},"visible_rect":{"max":{"x":386.36737060546875,"y":195.943435668945312},"min":{"x":-157.13262939453125,"y":-119.056564331054688}},"zoom":2}}