{"nodes":{"node:1":{"location":{"x":0,"y":0}}},"selection":null,"view":{"scroll":{"x":-398.331390380859375,"y":-249.391357421875},"visible_rect":{"max":{"x":275.46746826171875,"y":152.24346923828125},"min":{"x":-159.332565307617188,"y":-99.7565536499023438}},"zoom":2.4999997615814209}}